{"cameraMode":{"drawMode":0,"name":"Shaded","section":"Shading Mode"},"sceneLighting":true,"audioPlay":false,"sceneViewState":{"m_AlwaysRefresh":false,"showFog":true,"showSkybox":true,"showFlares":true,"showImageEffects":true,"showParticleSystems":true,"showVisualEffectGraphs":true,"m_FxEnabled":true},"in2DMode":false,"pivot":{"x":-0.21709738671779633,"y":1.1900509595870972,"z":1.480440378189087},"rotation":{"x":-0.16805650293827058,"y":-0.7875509858131409,"z":0.24517850577831269,"w":-0.5398234724998474},"size":0.9855560064315796,"orthographic":false}